name,description,price,stock,image,category
Carrot,Fresh and high-yielding,60,100,seed_images/WhatsApp Image 2025-04-26 at 11.31.04 AM,native
Egg White Round Brinjal,High yielding,60,100,seed_images/WhatsApp Image 2025-04-27 at 1.06.38 PM,native
All season clusterbeans,High yielding,60,100,seed_images/WhatsApp Image 2025-04-27 at 1.09.08 PM,native
Red Cabbage,High yielding,60,100,seed_images/WhatsApp Image 2025-04-27 at 1.11.30 PM,native
pot cucumber,High yielding,60,100,seed_images/WhatsApp Image 2025-04-28 at 3.14.28 PM,native
Banglore Brinjal,High yielding,60,100,seed_images/WhatsApp Image 2025-04-28 at 3.17.04 PM,native
White cluster beans short,High yielding,60,100,seed_images/WhatsApp Image 2025-04-28 at 3.17.59 PM,native
Red Long Beans,High yielding,60,100,seed_images/WhatsApp Image 2025-04-28 at 3.19.28 PM,native
Yellow long mirchi,High yielding,60,100,seed_images/WhatsApp Image 2025-04-28 at 3.19.51 PM,native
Red Ladies Finger,High yielding,60,100,seed_images/WhatsApp Image 2025-04-28 at 3.20.19 PM,native
Short Broad Beans,High yielding,60,100,seed_images/WhatsApp Image 2025-04-28 at 3.20.47 PM,native
Pink Border ClusterBeans,High yielding,60,100,seed_images/WhatsApp Image 2025-04-28 at 3.22.24 PM,native
Green Long Brinjal,High yielding,60,100,seed_images/WhatsApp Image 2025-04-28 at 3.23.03 PM,native
violet long brinjal,High yielding,60,100,seed_images/WhatsApp Image 2025-04-28 at 3.23.20 PM,native
white long brinjal,High yielding,60,100,seed_images/WhatsApp Image 2025-04-28 at 3.24.18 PM,native
cluster beans,High yielding,60,100,seed_images/WhatsApp Image 2025-04-28 at 3.25.33 PM,native
365 days pink cluster beans,High yielding,60,100,seed_images/WhatsApp Image 2025-04-28 at 3.28.37 PM,native
Ridge gourd round,High yielding,60,100,seed_images/WhatsApp Image 2025-04-28 at 3.32.38 PM,native
Gutti Beera ( Desi Clustered Ridge gaurd) Seeds,High yielding,60,100,seed_images/WhatsApp Image 2025-04-28 at 4.22.06 PM,native
Green okra,High yielding,60,100,seed_images/WhatsApp Image 2025-04-28 at 4.25.31 PM,native
Lablab beans(Kanupu chikkudu),High yielding,60,100,seed_images/WhatsApp Image 2025-04-28 at 4.26.29 PM,native
Bush broad beans,High yielding,60,100,seed_images/WhatsApp Image 2025-04-28 at 4.29.02 PM,native
Scale beans,High yielding,60,100,seed_images/WhatsApp Image 2025-04-28 at 4.29.56 PM,native
Long  cluster beans,High yielding,60,100,seed_images/WhatsApp Image 2025-04-28 at 4.30.47 PM,native
cluster beans black seeds,High yielding,60,100,seed_images/WhatsApp Image 2025-04-28 at 4.31.12 PM,native
green long beans,High yielding,60,100,seed_images/WhatsApp Image 2025-04-28 at 4.32.03 PM,native
Cluster bean,High yielding,60,100,seed_images/WhatsApp Image 2025-04-28 at 4.32.42 PM,native
Double beans,High yielding,60,100,seed_images/WhatsApp Image 2025-04-28 at 4.33.42 PM,native